query_length,filter_cpu_time,filter_cuda_time,distance_cpu_time,distance_cuda_time
1,0.00012683868408203125,,0.00067138671875,0.002719879150390625
2,0.00015783309936523438,,0.0008778572082519531,0.0025336742401123047
3,0.00014591217041015625,,0.001996278762817383,0.0025637149810791016
5,0.00015783309936523438,,0.0016663074493408203,0.0023679733276367188
7,0.0001437664031982422,,0.0022313594818115234,0.002328634262084961
10,0.0001468658447265625,,0.0028946399688720703,0.002409219741821289
