run,time
1,0.0027494430541992188
2,0.0024552345275878906
3,0.0030968189239501953
4,0.002508401870727539
5,0.0026438236236572266
6,0.002886533737182617
7,0.002707242965698242
8,0.0025687217712402344
9,0.0023381710052490234
10,0.0022792816162109375
