data_size,cpu_time,cuda_time,speedup
100,1.9311904907226562e-05,,
500,2.47955322265625e-05,,
1000,5.030632019042969e-05,,
5000,0.00012993812561035156,,
10000,0.0002551078796386719,,
25000,0.0005471706390380859,,
