data_size,cpu_time,cuda_time,speedup
100,5.698204040527344e-05,0.0007624626159667969,0.07473420888055034
500,0.0001971721649169922,0.0007731914520263672,0.25501079247610237
1000,0.00036716461181640625,0.0010144710540771484,0.3619271445358402
5000,0.0017383098602294922,0.002419710159301758,0.7183959010739974
10000,0.003504514694213867,0.0037784576416015625,0.9274987380111055
25000,0.008303403854370117,0.006482601165771484,1.2808753218094888
